{"errors":[],"warnings":[],"namedChunkGroups":{"app":{"chunks":[5,1],"assets":["webpack-runtime-50c949a22dd3450f4e33.js","webpack-runtime-50c949a22dd3450f4e33.js.map","app-693afcf2bf04afa0aa0f.js","app-693afcf2bf04afa0aa0f.js.map"],"children":{},"childAssets":{}},"component---src-pages-404-js":{"chunks":[0,2],"assets":["0.8650754089356d38038f.css","0-eb0ae44f26aa34c8347c.js","0-eb0ae44f26aa34c8347c.js.map","component---src-pages-404-js.a380adef227233ac9e87.css","component---src-pages-404-js-fbbdb18416794083ab23.js","component---src-pages-404-js-fbbdb18416794083ab23.js.map"],"children":{},"childAssets":{}},"component---src-pages-index-js":{"chunks":[0,3],"assets":["0.8650754089356d38038f.css","0-eb0ae44f26aa34c8347c.js","0-eb0ae44f26aa34c8347c.js.map","component---src-pages-index-js.a380adef227233ac9e87.css","component---src-pages-index-js-90c366597880e959b29c.js","component---src-pages-index-js-90c366597880e959b29c.js.map"],"children":{},"childAssets":{}},"pages-manifest":{"chunks":[4],"assets":["pages-manifest-4904282d89e517597548.js","pages-manifest-4904282d89e517597548.js.map"],"children":{},"childAssets":{}}},"assetsByChunkName":{"app":["webpack-runtime-50c949a22dd3450f4e33.js","app-693afcf2bf04afa0aa0f.js"],"component---src-pages-404-js":["0.8650754089356d38038f.css","0-eb0ae44f26aa34c8347c.js","component---src-pages-404-js.a380adef227233ac9e87.css","component---src-pages-404-js-fbbdb18416794083ab23.js"],"component---src-pages-index-js":["0.8650754089356d38038f.css","0-eb0ae44f26aa34c8347c.js","component---src-pages-index-js.a380adef227233ac9e87.css","component---src-pages-index-js-90c366597880e959b29c.js"],"pages-manifest":["pages-manifest-4904282d89e517597548.js"]}}